,id,first_name,last_name,dob,gender,party,leadership_role,govtrack_id,cspan_id,seniority,total_votes,missed_votes,total_present,state,district,at_large,geoid,state_names
0,A000014,Neil,Abercrombie,1938-06-26,M,D,False,400001,,18,1214,40,4,HI,1,False,1501,Hawaii
1,A000022,Gary,Ackerman,1942-11-19,M,D,False,400003,1002061.0,24,1214,48,1,NY,5,False,3605,New York
2,A000055,Robert,Aderholt,1965-07-22,M,R,False,400004,45516.0,10,1214,2,0,AL,4,False,104,Alabama
3,A000358,Todd,Akin,1947-07-05,M,R,False,400005,87412.0,6,1214,15,2,MO,2,False,2902,Missouri
4,A000361,Rodney,Alexander,1946-12-05,M,R,False,400006,1004256.0,4,1214,15,0,LA,5,False,2205,Louisiana
5,A000357,Thomas,Allen,1945-04-16,M,D,False,400007,,10,1214,12,1,ME,1,False,2301,Maine
6,A000210,Robert,Andrews,1957-08-04,M,D,False,400008,19670.0,18,1214,104,1,NJ,1,False,3401,New Jersey
7,B001234,Joe,Baca,1947-01-23,M,D,False,400009,81682.0,8,1214,52,0,CA,43,False,643,California
8,B000013,Spencer,Bachus,1947-12-28,M,R,False,400010,26397.0,14,1214,56,0,AL,6,False,106,Alabama
9,B001229,Brian,Baird,1956-03-07,M,D,False,400011,45981.0,8,1214,63,3,WA,3,False,5303,Washington
10,B000072,Richard,Baker,1948-05-22,M,R,False,400012,,20,1214,70,0,LA,6,False,2206,Louisiana
11,B001230,Tammy,Baldwin,1962-02-11,F,D,False,400013,57884.0,8,1214,1,0,WI,2,False,5502,Wisconsin
12,B001239,J.,Barrett,1961-02-14,M,R,False,400016,1003613.0,4,1214,31,2,SC,3,False,4503,South Carolina
13,B001252,John,Barrow,1955-10-31,M,D,False,400628,1012025.0,2,1214,18,1,GA,12,False,1312,Georgia
14,B000208,Roscoe,Bartlett,1926-06-03,M,R,False,400017,27026.0,14,1214,6,6,MD,6,False,2406,Maryland
15,B000213,Joe,Barton,1949-09-15,M,R,False,400018,5248.0,22,1214,75,0,TX,6,False,4806,Texas
16,B000220,Charles,Bass,1952-01-08,M,R,False,400019,37079.0,12,1214,18,0,NH,2,False,3302,New Hampshire
17,B001253,Melissa,Bean,1962-01-22,F,D,False,400631,,2,1214,10,0,IL,8,False,1708,Illinois
18,B001240,Bob,Beauprez,1948-09-22,M,R,False,400020,,4,1214,72,0,CO,7,False,807,Colorado
19,B000287,Xavier,Becerra,1958-01-26,M,D,False,400021,26567.0,14,1214,74,1,CA,31,False,631,California
20,B001231,Shelley,Berkley,1951-01-20,F,D,False,400024,,8,1214,62,0,NV,1,False,3201,Nevada
21,B000410,Howard,Berman,1941-04-15,M,D,False,400025,1592.0,24,1214,86,0,CA,28,False,628,California
22,B000420,Marion,Berry,1942-08-27,M,D,False,400026,45115.0,10,1214,5,0,AR,1,False,501,Arkansas
23,B001232,Judy,Biggert,1937-08-15,F,R,False,400027,57890.0,8,1214,10,2,IL,13,False,1713,Illinois
24,B000461,Brian,Bilbray,1951-01-28,M,R,False,400570,36554.0,2,1214,6,0,CA,50,False,650,California
25,B000463,Michael,Bilirakis,1930-07-16,M,R,False,400028,,24,1214,49,0,FL,9,False,1209,Florida
26,B001250,Rob,Bishop,1951-07-13,M,R,False,400029,1003621.0,4,1214,65,0,UT,1,False,4901,Utah
27,B001242,Timothy,Bishop,1950-06-01,M,D,False,400031,1003587.0,4,1214,21,1,NY,1,False,3601,New York
28,B000490,Sanford,Bishop,1947-02-04,M,D,False,400030,26194.0,14,1214,46,0,GA,2,False,1302,Georgia
29,B001243,Marsha,Blackburn,1952-06-06,F,R,False,400032,31226.0,4,1214,12,0,TN,7,False,4707,Tennessee
30,B000574,Earl,Blumenauer,1948-08-16,M,D,False,400033,43809.0,12,1214,67,1,OR,3,False,4103,Oregon
31,B000575,Roy,Blunt,1950-01-10,M,R,False,400034,45465.0,10,1214,35,0,MO,7,False,2907,Missouri
32,B000586,Sherwood,Boehlert,1936-09-28,M,R,False,400035,,24,1214,43,0,NY,24,False,3624,New York
33,B000589,John,Boehner,1949-11-17,M,R,False,400036,16740.0,16,1214,30,0,OH,8,False,3908,Ohio
34,B000617,Henry,Bonilla,1954-01-02,M,R,False,400037,,14,1214,13,0,TX,23,False,4823,Texas
35,B001244,Jo,Bonner,1959-11-19,M,R,False,400038,1003546.0,4,1214,29,0,AL,1,False,101,Alabama
36,B001228,Mary,Bono Mack,1961-10-24,F,R,False,400039,,10,1214,75,0,CA,45,False,645,California
37,B001236,John,Boozman,1950-12-10,M,R,False,400040,92069.0,6,1214,36,0,AR,3,False,503,Arkansas
39,B001254,Dan,Boren,1973-08-02,M,D,False,400645,1013053.0,2,1214,30,0,OK,2,False,4002,Oklahoma
40,B000652,Leonard,Boswell,1934-01-10,M,D,False,400042,45520.0,10,1214,147,0,IA,3,False,1903,Iowa
41,B000657,Rick,Boucher,1946-08-01,M,D,False,400043,6736.0,24,1214,44,0,VA,9,False,5109,Virginia
42,B001255,Charles,Boustany,1956-02-21,M,R,False,400636,1013047.0,2,1214,27,0,LA,7,False,2207,Louisiana
43,B000716,Allen,Boyd,1945-06-06,M,D,False,400044,46164.0,10,1214,61,2,FL,2,False,1202,Florida
44,B001246,Jeb,Bradley,1952-10-20,M,R,False,400045,,4,1214,2,0,NH,1,False,3301,New Hampshire
45,B001227,Robert,Brady,1945-04-07,M,D,False,400047,55227.0,10,1214,70,0,PA,1,False,4201,Pennsylvania
46,B000755,Kevin,Brady,1955-04-11,M,R,False,400046,45749.0,10,1214,74,0,TX,8,False,4808,Texas
47,B000911,Corrine,Brown,1946-11-11,F,D,False,400048,26192.0,14,1214,148,0,FL,3,False,1203,Florida
48,B000944,Sherrod,Brown,1952-11-09,M,D,False,400050,5051.0,14,1214,81,0,OH,13,False,3913,Ohio
49,B001235,Henry,Brown,1935-12-20,M,R,False,400049,1000221.0,6,1214,57,0,SC,1,False,4501,South Carolina
50,B001247,Ginny,Brown-Waite,1943-10-05,F,R,False,400051,1003557.0,4,1214,84,0,FL,5,False,1205,Florida
51,B001248,Michael,Burgess,1950-12-23,M,R,False,400052,1003620.0,4,1214,13,0,TX,26,False,4826,Texas
52,B001149,Dan,Burton,1938-06-21,M,R,False,400055,,24,1214,81,2,IN,5,False,1805,Indiana
53,B001251,G.,Butterfield,1947-04-27,M,D,False,400616,1013540.0,4,1214,26,1,NC,1,False,3701,North Carolina
54,B001203,Steve,Buyer,1958-11-26,M,R,False,400056,26475.0,14,1214,91,0,IN,4,False,1804,Indiana
55,C000059,Ken,Calvert,1953-06-08,M,R,False,400057,26709.0,14,1214,33,0,CA,44,False,644,California
56,C000071,Dave,Camp,1953-07-09,M,R,False,400058,23039.0,16,1214,43,0,MI,4,False,2604,Michigan
57,C001064,John,Campbell,1955-07-19,M,R,False,412011,1019004.0,2,1214,17,0,CA,48,False,648,California
58,C000116,Christopher,Cannon,1950-10-20,M,R,False,400059,,10,1214,104,0,UT,3,False,4903,Utah
59,C001046,Eric,Cantor,1963-06-06,M,R,False,400060,87402.0,6,1214,24,0,VA,7,False,5107,Virginia
60,C001047,Shelley,Capito,1953-11-26,F,R,False,400061,83737.0,6,1214,26,0,WV,2,False,5402,West Virginia
61,C001036,Lois,Capps,1938-01-10,F,D,False,400062,54075.0,10,1214,33,0,CA,23,False,623,California
62,C001037,Michael,Capuano,1952-01-09,M,D,False,400063,56760.0,8,1214,32,13,MA,8,False,2508,Massachusetts
63,C000141,Benjamin,Cardin,1943-10-05,M,D,False,400064,4004.0,20,1214,48,0,MD,3,False,2403,Maryland
64,C001050,Dennis,Cardoza,1959-03-31,M,D,False,400065,87444.0,4,1214,51,0,CA,18,False,618,California
65,C001060,Russ,Carnahan,1958-07-10,M,D,False,400638,1003284.0,2,1214,9,0,MO,3,False,2903,Missouri
66,C000191,Julia,Carson,1938-07-08,F,D,False,400067,,10,1214,97,3,IN,7,False,1807,Indiana
67,C001051,John,Carter,1941-11-06,M,R,False,400068,1004257.0,4,1214,38,0,TX,31,False,4831,Texas
68,C001055,Ed,Case,1952-09-27,M,D,False,400069,,4,1214,87,0,HI,2,False,1502,Hawaii
69,C000243,Michael,Castle,1939-07-02,M,R,False,400070,70.0,14,1214,50,0,DE,At-Large,True,1000,Delaware
70,C000266,Steven,Chabot,1953-01-22,M,R,False,400071,36705.0,12,1214,15,1,OH,1,False,3901,Ohio
71,C001058,Ben,Chandler,1959-09-12,M,D,False,400442,1007734.0,4,1214,16,0,KY,6,False,2106,Kentucky
72,C001052,Chris,Chocola,1962-02-24,M,R,False,400072,,4,1214,10,0,IN,2,False,1802,Indiana
74,C001049,William,Clay,1956-07-27,M,D,False,400074,88332.0,6,1214,107,2,MO,1,False,2901,Missouri
75,C001061,Emanuel,Cleaver,1944-10-26,M,D,False,400639,10933.0,2,1214,43,0,MO,5,False,2905,Missouri
76,C000537,James,Clyburn,1940-07-21,M,D,False,400075,21607.0,14,1214,34,0,SC,6,False,4506,South Carolina
77,C000556,Howard,Coble,1931-03-18,M,R,False,400076,6961.0,22,1214,39,0,NC,6,False,3706,North Carolina
78,C001053,Tom,Cole,1949-04-28,M,R,False,400077,1003609.0,4,1214,25,0,OK,4,False,4004,Oklahoma
79,C001062,K.,Conaway,1948-06-11,M,R,False,400655,1004595.0,2,1214,48,0,TX,11,False,4811,Texas
80,C000714,John,Conyers,1929-05-16,M,D,False,400080,1824.0,42,1214,47,0,MI,14,False,2614,Michigan
81,C000754,Jim,Cooper,1954-06-19,M,D,False,400081,1201.0,4,1214,29,0,TN,5,False,4705,Tennessee
82,C001059,Jim,Costa,1952-04-13,M,D,False,400618,19599.0,2,1214,63,0,CA,20,False,620,California
83,C000794,Jerry,Costello,1949-09-25,M,D,False,400082,6352.0,20,1214,46,0,IL,12,False,1712,Illinois
84,C000830,Christopher,Cox,1952-10-16,M,R,False,400083,,18,1214,58,0,CA,48,False,648,California
85,C000868,Robert,Cramer,1947-08-22,M,D,False,400084,,16,1214,41,0,AL,5,False,105,Alabama
86,C001045,Ander,Crenshaw,1944-09-01,M,R,False,400086,1007679.0,6,1214,11,0,FL,4,False,1204,Florida
87,C001038,Joseph,Crowley,1962-03-16,M,D,False,400087,57880.0,8,1214,43,0,NY,7,False,3607,New York
88,C000962,Barbara,Cubin,1946-11-30,F,R,False,400088,,12,1214,122,0,WY,At-Large,True,5600,Wyoming
89,C001063,Henry,Cuellar,1955-09-19,M,D,False,400657,1013062.0,2,1214,40,1,TX,28,False,4828,Texas
90,C001048,John,Culberson,1956-08-24,M,R,False,400089,88078.0,6,1214,63,0,TX,7,False,4807,Texas
91,C000984,Elijah,Cummings,1951-01-18,M,D,False,400090,43300.0,12,1214,34,0,MD,7,False,2407,Maryland
92,C000994,Randy,Cunningham,1941-12-08,M,R,False,400091,,16,1214,42,0,CA,50,False,650,California
93,D000598,Susan,Davis,1944-04-13,F,D,False,400097,85595.0,6,1214,36,0,CA,53,False,653,California
94,D000599,Lincoln,Davis,1943-09-13,M,D,False,400096,1003615.0,4,1214,27,0,TN,4,False,4704,Tennessee
95,D000096,Danny,Davis,1941-09-06,M,D,False,400093,44325.0,10,1214,65,1,IL,7,False,1707,Illinois
96,D000114,James,Davis,1957-10-11,M,D,False,400094,,10,1214,301,0,FL,11,False,1211,Florida
97,D000602,Artur,Davis,1967-10-09,M,D,False,400092,1002463.0,4,1214,24,0,AL,7,False,107,Alabama
98,D000136,Thomas,Davis,1949-01-05,M,R,False,400098,,12,1214,58,1,VA,11,False,5111,Virginia
99,D000603,Geoff,Davis,1958-10-26,M,R,False,400633,1011405.0,2,1214,21,1,KY,4,False,2104,Kentucky
100,D000597,Jo Ann,Davis,1950-06-29,F,R,False,400095,,6,1214,122,1,VA,1,False,5101,Virginia
101,D000168,Nathan,Deal,1942-08-25,M,R,False,400099,,14,1214,72,0,GA,10,False,1310,Georgia
102,D000191,Peter,DeFazio,1947-05-27,M,D,False,400100,6068.0,20,1214,23,2,OR,4,False,4104,Oregon
103,D000197,Diana,DeGette,1957-07-29,F,D,False,400101,90293.0,10,1214,49,1,CO,1,False,801,Colorado
104,D000210,Bill,Delahunt,1941-07-18,M,D,False,400102,46620.0,10,1214,78,0,MA,10,False,2510,Massachusetts
105,D000216,Rosa,DeLauro,1943-03-02,F,D,False,400103,19040.0,16,1214,15,0,CT,3,False,903,Connecticut
106,D000217,Thomas,DeLay,1947-04-08,M,R,False,400104,,22,1214,76,0,TX,22,False,4822,Texas
107,D000604,Charlie,Dent,1960-05-24,M,R,False,400648,1011395.0,2,1214,1,0,PA,15,False,4215,Pennsylvania
108,D000299,Lincoln,Diaz-Balart,1954-08-13,M,R,False,400107,25887.0,14,1214,87,0,FL,21,False,1221,Florida
109,D000600,Mario,Diaz-Balart,1961-09-25,M,R,False,400108,1003562.0,4,1214,123,0,FL,25,False,1225,Florida
110,D000327,Norman,Dicks,1940-12-16,M,D,False,400109,8131.0,30,1214,31,1,WA,6,False,5306,Washington
111,D000355,John,Dingell,1926-07-08,M,D,False,400110,470.0,52,1214,37,0,MI,15,False,2615,Michigan
112,D000399,Lloyd,Doggett,1946-10-06,M,D,False,400111,36810.0,12,1214,30,0,TX,25,False,4825,Texas
113,D000429,John,Doolittle,1950-10-30,M,R,False,400113,,16,1214,58,0,CA,4,False,604,California
114,D000482,Mike,Doyle,1953-08-05,M,D,False,400114,36774.0,12,1214,50,3,PA,14,False,4214,Pennsylvania
115,D000605,Thelma,Drake,1949-11-20,F,R,False,400658,,2,1214,9,0,VA,2,False,5102,Virginia
116,D000492,David,Dreier,1952-07-05,M,R,False,400115,,26,1214,2,0,CA,26,False,626,California
117,D000533,John,Duncan,1947-07-21,M,R,False,400116,6114.0,20,1214,31,0,TN,2,False,4702,Tennessee
118,E000063,Chet,Edwards,1951-11-24,M,D,False,400118,20693.0,16,1214,28,0,TX,17,False,4817,Texas
119,E000092,Vernon,Ehlers,1934-02-06,M,R,False,400119,,14,1214,18,1,MI,3,False,2603,Michigan
120,E000287,Rahm,Emanuel,1959-11-29,M,D,False,400120,26079.0,4,1214,40,1,IL,5,False,1705,Illinois
121,E000172,Jo Ann,Emerson,1950-09-16,F,R,False,400121,46627.0,12,1214,43,1,MO,8,False,2908,Missouri
122,E000179,Eliot,Engel,1947-02-18,M,D,False,400122,6109.0,18,1214,33,3,NY,17,False,3617,New York
123,E000187,Phil,English,1956-06-20,M,R,False,400123,,12,1214,28,0,PA,3,False,4203,Pennsylvania
124,E000215,Anna,Eshoo,1942-12-13,F,D,False,400124,26130.0,14,1214,52,2,CA,14,False,614,California
125,E000226,Bob,Etheridge,1941-08-07,M,D,False,400125,45577.0,10,1214,18,0,NC,2,False,3702,North Carolina
126,E000250,Lane,Evans,1951-08-04,M,D,False,400126,,24,1214,525,0,IL,17,False,1717,Illinois
127,E000268,Terry,Everett,1937-02-15,M,R,False,400127,,14,1214,49,1,AL,2,False,102,Alabama
129,F000030,Sam,Farr,1941-07-04,M,D,False,400129,30645.0,14,1214,17,1,CA,17,False,617,California
130,F000043,Chaka,Fattah,1956-11-21,M,D,False,400130,36763.0,12,1214,125,0,PA,2,False,4202,Pennsylvania
131,F000447,Tom,Feeney,1958-05-21,M,R,False,400131,,4,1214,69,0,FL,24,False,1224,Florida
132,F000443,Michael,Ferguson,1970-06-22,M,R,False,400132,,6,1214,17,0,NJ,7,False,3407,New Jersey
133,F000116,Bob,Filner,1942-09-04,M,D,False,400133,26133.0,14,1214,40,1,CA,51,False,651,California
134,F000451,Michael,Fitzpatrick,1963-06-28,M,R,False,400646,33378.0,2,1214,27,0,PA,8,False,4208,Pennsylvania
135,F000444,Jeff,Flake,1962-12-31,M,R,False,400134,87582.0,6,1214,46,2,AZ,6,False,406,Arizona
136,F000238,Mark,Foley,1954-09-08,M,R,False,400136,,12,1214,53,0,FL,16,False,1216,Florida
137,F000445,J.,Forbes,1952-02-17,M,R,False,400137,89584.0,6,1214,25,0,VA,4,False,5104,Virginia
138,F000262,Harold,Ford,1970-05-11,M,D,False,400138,,10,1214,213,1,TN,9,False,4709,Tennessee
139,F000449,Jeff,Fortenberry,1960-12-27,M,R,False,400640,1013049.0,2,1214,17,0,NE,1,False,3101,Nebraska
141,F000440,Vito,Fossella,1965-03-09,M,R,False,400139,,10,1214,47,0,NY,13,False,3613,New York
142,F000450,Virginia,Foxx,1943-06-29,F,R,False,400643,1013052.0,2,1214,6,2,NC,5,False,3705,North Carolina
143,F000339,Barney,Frank,1940-03-31,M,D,False,400140,,26,1214,28,1,MA,4,False,2504,Massachusetts
144,F000448,Trent,Franks,1957-06-19,M,R,False,400141,1003550.0,4,1214,26,2,AZ,2,False,402,Arizona
145,F000372,Rodney,Frelinghuysen,1946-04-29,M,R,False,400142,37781.0,12,1214,16,0,NJ,11,False,3411,New Jersey
146,G000021,Elton,Gallegly,1944-03-07,M,R,False,400144,6712.0,20,1214,108,0,CA,24,False,624,California
147,G000548,Scott,Garrett,1959-07-09,M,R,False,400145,1003601.0,4,1214,19,1,NJ,5,False,3405,New Jersey
148,G000549,Jim,Gerlach,1955-02-25,M,R,False,400147,1003611.0,4,1214,48,0,PA,6,False,4206,Pennsylvania
149,G000152,James,Gibbons,1944-12-16,M,R,False,400148,,10,1214,115,0,NV,2,False,3202,Nevada
150,G000180,Wayne,Gilchrest,1946-04-15,M,R,False,400149,,16,1214,47,0,MD,1,False,2401,Maryland
151,G000210,Paul,Gillmor,1939-02-01,M,R,False,400150,,18,1214,78,0,OH,5,False,3905,Ohio
152,G000550,Phil,Gingrey,1942-07-10,M,R,False,400151,1003565.0,4,1214,34,1,GA,11,False,1311,Georgia
153,G000552,Louie,Gohmert,1953-08-18,M,R,False,400651,1011394.0,2,1214,81,6,TX,1,False,4801,Texas
154,G000544,Charlie,Gonzalez,1945-05-05,M,D,False,400152,,8,1214,42,0,TX,20,False,4820,Texas
155,G000280,Virgil,Goode,1946-10-17,M,R,False,400153,,10,1214,28,0,VA,5,False,5105,Virginia
156,G000289,Robert,Goodlatte,1952-09-22,M,R,False,400154,27025.0,14,1214,0,0,VA,6,False,5106,Virginia
157,G000309,Bart,Gordon,1949-01-24,M,D,False,400155,5452.0,22,1214,37,0,TN,6,False,4706,Tennessee
158,G000377,Kay,Granger,1943-01-18,F,R,False,400157,45709.0,10,1214,43,1,TX,12,False,4812,Texas
159,G000546,Sam,Graves,1963-11-07,M,R,False,400158,89873.0,6,1214,34,0,MO,6,False,2906,Missouri
160,G000545,Mark,Green,1960-06-01,M,R,False,400159,,8,1214,69,0,WI,8,False,5508,Wisconsin
161,G000410,Gene,Green,1947-10-17,M,D,False,400160,26156.0,14,1214,33,3,TX,29,False,4829,Texas
162,G000553,Al,Green,1947-09-01,M,D,False,400653,1012969.0,2,1214,3,4,TX,9,False,4809,Texas
163,G000551,Raúl,Grijalva,1948-02-19,M,D,False,400162,1003551.0,4,1214,30,0,AZ,7,False,407,Arizona
164,G000535,Luis,Gutiérrez,1953-12-10,M,D,False,400163,23476.0,14,1214,189,3,IL,4,False,1704,Illinois
165,G000536,Gilbert,Gutknecht,1951-03-20,M,R,False,400164,,12,1214,16,3,MN,1,False,2701,Minnesota
166,H000067,Ralph,Hall,1923-05-03,M,R,False,400165,7354.0,26,1214,27,0,TX,4,False,4804,Texas
167,H000213,Jane,Harman,1945-06-28,F,D,False,400166,16717.0,12,1214,92,1,CA,36,False,636,California
168,H001035,Katherine,Harris,1957-04-05,F,R,False,400167,,4,1214,124,0,FL,13,False,1213,Florida
169,H001033,Melissa,Hart,1962-04-04,F,R,False,400168,,6,1214,6,0,PA,4,False,4204,Pennsylvania
170,H000323,J. Dennis,Hastert,1942-01-02,M,R,False,400169,,20,1214,1095,1,IL,14,False,1714,Illinois
171,H000324,Alcee,Hastings,1936-09-05,M,D,False,400170,1858.0,14,1214,134,2,FL,23,False,1223,Florida
172,H000329,Doc,Hastings,1941-02-07,M,R,False,400171,31324.0,12,1214,52,2,WA,4,False,5304,Washington
173,H001029,Robin,Hayes,1945-08-14,M,R,False,400172,,8,1214,30,1,NC,8,False,3708,North Carolina
174,H000413,John,Hayworth,1958-07-12,M,R,False,400173,,12,1214,12,1,AZ,5,False,405,Arizona
175,H000444,Joel,Hefley,1935-04-18,M,R,False,400174,,20,1214,45,2,CO,5,False,805,Colorado
176,H001036,Jeb,Hensarling,1957-05-29,M,R,False,400175,1003619.0,4,1214,5,2,TX,5,False,4805,Texas
177,H000528,Wally,Herger,1945-05-20,M,R,False,400176,12557.0,20,1214,18,0,CA,2,False,602,California
178,H001037,Stephanie,Herseth Sandlin,1970-12-03,F,D,False,400443,22061.0,4,1214,37,0,SD,At-Large,True,4600,South Dakota
179,H001038,Brian,Higgins,1959-10-06,M,D,False,400641,1013050.0,2,1214,42,0,NY,27,False,3627,New York
180,H000627,Maurice,Hinchey,1938-10-27,M,D,False,400178,26164.0,14,1214,73,4,NY,22,False,3622,New York
181,H000636,Rubén,Hinojosa,1940-08-20,M,D,False,400179,45743.0,10,1214,144,0,TX,15,False,4815,Texas
182,H000666,David,Hobson,1936-10-17,M,R,False,400180,,16,1214,23,0,OH,7,False,3907,Ohio
183,H000676,Peter,Hoekstra,1953-10-30,M,R,False,400182,26490.0,14,1214,39,0,MI,2,False,2602,Michigan
184,H000712,Tim,Holden,1957-03-05,M,D,False,400183,29611.0,14,1214,36,0,PA,17,False,4217,Pennsylvania
185,H001032,Rush,Holt,1948-10-15,M,D,False,400184,57967.0,8,1214,17,2,NJ,12,False,3412,New Jersey
186,H001034,Michael,Honda,1941-06-27,M,D,False,400185,85565.0,6,1214,27,1,CA,15,False,615,California
187,H000762,Darlene,Hooley,1939-04-04,F,D,False,400186,,10,1214,30,1,OR,5,False,4105,Oregon
188,H000807,John,Hostettler,1961-06-19,M,R,False,400187,,12,1214,27,1,IN,8,False,1808,Indiana
189,H000874,Steny,Hoyer,1939-06-14,M,D,False,400189,1919.0,26,1214,19,1,MD,5,False,2405,Maryland
190,H000948,Kenny,Hulshof,1958-05-22,M,R,False,400190,,10,1214,29,0,MO,9,False,2909,Missouri
191,H000981,Duncan,Hunter,1948-05-31,M,R,False,400191,,26,1214,89,0,CA,52,False,652,California
192,H001022,Henry,Hyde,1924-04-18,M,R,False,400192,,32,1214,149,0,IL,6,False,1706,Illinois
193,I000023,Bob,Inglis,1959-10-11,M,R,False,400649,26441.0,8,1214,23,0,SC,4,False,4504,South Carolina
194,I000026,Jay,Inslee,1951-02-09,M,D,False,400193,26139.0,8,1214,11,1,WA,1,False,5301,Washington
195,I000057,Steve,Israel,1958-05-30,M,D,False,400195,87911.0,6,1214,22,1,NY,2,False,3602,New York
196,I000056,Darrell,Issa,1953-11-01,M,R,False,400196,90066.0,6,1214,55,0,CA,49,False,649,California
197,I000047,Ernest,Istook,1950-02-11,M,R,False,400197,,14,1214,204,1,OK,5,False,4005,Oklahoma
198,J000283,Jesse,Jackson,1965-03-11,M,D,False,400198,39073.0,12,1214,1,1,IL,2,False,1702,Illinois
199,J000032,Sheila,Jackson Lee,1950-01-12,F,D,False,400199,36819.0,12,1214,79,1,TX,18,False,4818,Texas
200,J000070,William,Jefferson,1947-03-14,M,D,False,400201,,16,1214,95,0,LA,2,False,2202,Louisiana
201,J000082,William,Jenkins,1936-11-29,M,R,False,400202,,10,1214,96,1,TN,1,False,4701,Tennessee
202,J000287,Bobby,Jindal,1971-06-10,M,R,False,400634,,2,1214,29,0,LA,1,False,2201,Louisiana
203,J000174,Sam,Johnson,1930-10-11,M,R,False,400206,18711.0,16,1214,115,0,TX,3,False,4803,Texas
204,J000285,Timothy,Johnson,1946-07-23,M,R,False,400207,1020365.0,6,1214,34,1,IL,15,False,1715,Illinois
205,J000126,Eddie,Johnson,1935-12-03,F,D,False,400204,23352.0,14,1214,24,2,TX,30,False,4830,Texas
206,J000163,Nancy,Johnson,1935-01-05,F,R,False,400205,,24,1214,25,0,CT,5,False,905,Connecticut
207,J000255,Walter,Jones,1943-02-10,M,R,False,400209,36693.0,12,1214,73,5,NC,3,False,3703,North Carolina
208,J000284,Stephanie,Jones,1949-09-10,F,D,False,400208,,8,1214,85,2,OH,11,False,3911,Ohio
209,K000008,Paul,Kanjorski,1937-04-02,M,D,False,400210,5974.0,22,1214,37,0,PA,11,False,4211,Pennsylvania
210,K000009,Marcy,Kaptur,1946-06-17,F,D,False,400211,1458.0,24,1214,41,7,OH,9,False,3909,Ohio
211,K000361,Ric,Keller,1964-09-05,M,R,False,400212,,6,1214,61,0,FL,8,False,1208,Florida
212,K000078,Sue,Kelly,1936-09-26,F,R,False,400213,,12,1214,29,0,NY,19,False,3619,New York
213,K000113,Patrick,Kennedy,1967-07-14,M,D,False,400215,17987.0,12,1214,141,0,RI,1,False,4401,Rhode Island
214,K000358,Mark,Kennedy,1957-04-11,M,R,False,400214,,6,1214,24,0,MN,6,False,2706,Minnesota
215,K000172,Dale,Kildee,1929-09-16,M,D,False,400216,6743.0,30,1214,0,0,MI,5,False,2605,Michigan
216,K000180,Carolyn,Kilpatrick,1945-06-25,F,D,False,400217,,10,1214,75,0,MI,13,False,2613,Michigan
217,K000188,Ron,Kind,1963-03-16,M,D,False,400218,45870.0,10,1214,35,1,WI,3,False,5503,Wisconsin
218,K000362,Steve,King,1949-05-28,M,R,False,400220,1003590.0,4,1214,7,2,IA,5,False,1905,Iowa
219,K000210,Peter,King,1944-04-05,M,R,False,400219,26487.0,14,1214,26,0,NY,3,False,3603,New York
220,K000220,Jack,Kingston,1955-04-24,M,R,False,400221,26480.0,14,1214,80,0,GA,1,False,1301,Georgia
221,K000360,Mark,Kirk,1959-09-15,M,R,False,400222,85221.0,6,1214,33,0,IL,10,False,1710,Illinois
222,K000363,John,Kline,1947-09-06,M,R,False,400224,1003596.0,4,1214,0,0,MN,2,False,2702,Minnesota
223,K000288,Joseph,Knollenberg,1933-11-28,M,R,False,400225,,14,1214,21,0,MI,9,False,2609,Michigan
224,K000306,James,Kolbe,1942-06-28,M,R,False,400226,,22,1214,61,1,AZ,8,False,408,Arizona
225,K000336,Dennis,Kucinich,1946-10-08,M,D,False,400227,45684.0,10,1214,17,6,OH,10,False,3910,Ohio
226,K000364,John,Kuhl,1943-04-19,M,R,False,400642,,2,1214,9,0,NY,29,False,3629,New York
227,L000552,Ray,LaHood,1945-12-06,M,R,False,400228,26394.0,12,1214,62,0,IL,18,False,1718,Illinois
228,L000559,Jim,Langevin,1964-04-22,M,D,False,400230,86608.0,6,1214,8,0,RI,2,False,4402,Rhode Island
229,L000090,Tom,Lantos,1928-02-01,M,D,False,400231,,26,1214,47,1,CA,12,False,612,California
230,L000560,Rick,Larsen,1965-06-15,M,D,False,400232,86610.0,6,1214,24,2,WA,2,False,5302,Washington
231,L000557,John,Larson,1948-07-22,M,D,False,400233,36596.0,8,1214,113,0,CT,1,False,901,Connecticut
232,L000111,Tom,Latham,1948-07-14,M,R,False,400234,36609.0,12,1214,5,0,IA,4,False,1904,Iowa
233,L000553,Steven,LaTourette,1954-07-22,M,R,False,400235,36748.0,12,1214,41,0,OH,14,False,3914,Ohio
234,L000169,James,Leach,1942-10-15,M,R,False,400236,,30,1214,52,2,IA,2,False,1902,Iowa
235,L000551,Barbara,Lee,1946-07-16,F,D,False,400237,54579.0,10,1214,46,3,CA,9,False,609,California
236,L000263,Sander,Levin,1931-09-06,M,D,False,400238,251.0,24,1214,1,0,MI,12,False,2612,Michigan
237,L000274,Jerry,Lewis,1934-10-21,M,R,False,400239,1001646.0,28,1214,28,0,CA,41,False,641,California
238,L000287,John,Lewis,1940-02-21,M,D,False,400240,2528.0,20,1214,176,2,GA,5,False,1305,Georgia
239,L000293,Ron,Lewis,1946-09-14,M,R,False,400241,,14,1214,23,1,KY,2,False,2102,Kentucky
240,L000321,John,Linder,1942-09-09,M,R,False,400242,26393.0,14,1214,54,0,GA,7,False,1307,Georgia
241,L000563,Daniel,Lipinski,1966-07-15,M,D,False,400630,1013046.0,2,1214,11,3,IL,3,False,1703,Illinois
242,L000554,Frank,LoBiondo,1946-05-12,M,R,False,400244,30867.0,12,1214,4,0,NJ,2,False,3402,New Jersey
243,L000397,Zoe,Lofgren,1947-12-21,F,D,False,400245,36520.0,12,1214,10,4,CA,16,False,616,California
244,L000480,Nita,Lowey,1937-07-05,F,D,False,400246,6110.0,18,1214,6,2,NY,18,False,3618,New York
245,L000491,Frank,Lucas,1960-01-06,M,R,False,400247,35692.0,14,1214,25,0,OK,3,False,4003,Oklahoma
246,L000517,Dan,Lungren,1946-09-22,M,R,False,400617,,2,1214,2,2,CA,3,False,603,California
247,L000562,Stephen,Lynch,1955-03-31,M,D,False,400249,1000222.0,6,1214,40,0,MA,9,False,2509,Massachusetts
248,M001155,Connie,Mack,1967-08-12,M,R,False,400622,1013040.0,2,1214,15,0,FL,14,False,1214,Florida
249,M000087,Carolyn,Maloney,1946-02-19,F,D,False,400251,26162.0,14,1214,32,1,NY,14,False,3614,New York
250,M001138,Donald,Manzullo,1944-03-24,M,R,False,400252,26482.0,14,1214,83,0,IL,16,False,1716,Illinois
251,M001158,Kenny,Marchant,1951-02-23,M,R,False,400656,1013059.0,2,1214,39,1,TX,24,False,4824,Texas
252,M000133,Edward,Markey,1946-07-11,M,D,False,400253,260.0,32,1214,15,0,MA,7,False,2507,Massachusetts
253,M001146,Jim,Marshall,1948-03-31,M,D,False,400254,1003563.0,4,1214,47,0,GA,3,False,1303,Georgia
254,M001142,Jim,Matheson,1960-03-21,M,D,False,400255,89172.0,6,1214,10,0,UT,2,False,4902,Utah
255,M000249,Robert,Matsui,1941-09-17,M,D,False,400256,,28,1214,0,0,CA,4,False,604,California
256,M001163,Doris,Matsui,1944-09-25,F,D,False,400663,26602.0,2,1214,15,2,CA,5,False,605,California
257,M000309,Carolyn,McCarthy,1944-01-05,F,D,False,400257,45040.0,10,1214,45,1,NY,4,False,3604,New York
258,M001157,Michael,McCaul,1962-01-14,M,R,False,400654,1013056.0,2,1214,23,0,TX,10,False,4810,Texas
259,M001143,Betty,McCollum,1954-07-12,F,D,False,400259,86670.0,6,1214,26,3,MN,4,False,2704,Minnesota
260,M001147,Thaddeus,McCotter,1965-08-22,M,R,False,400260,,4,1214,10,2,MI,11,False,2611,Michigan
261,M000388,Jim,McCrery,1949-09-18,M,R,False,400261,,20,1214,50,0,LA,4,False,2204,Louisiana
262,M000404,Jim,McDermott,1936-12-28,M,D,False,400262,5761.0,18,1214,43,7,WA,7,False,5307,Washington
263,M000312,Jim,McGovern,1959-11-20,M,D,False,400263,45976.0,10,1214,15,0,MA,3,False,2503,Massachusetts
264,M001156,Patrick,McHenry,1975-10-22,M,R,False,400644,1007062.0,2,1214,23,0,NC,10,False,3710,North Carolina
265,M000472,John,McHugh,1948-09-29,M,R,False,400264,,14,1214,38,1,NY,23,False,3623,New York
266,M000485,Mike,McIntyre,1956-08-06,M,D,False,400266,45960.0,10,1214,22,0,NC,7,False,3707,North Carolina
267,M000508,Howard,McKeon,1938-09-09,M,R,False,400267,26483.0,14,1214,28,0,CA,25,False,625,California
268,M000523,Cynthia,McKinney,1955-03-17,F,D,False,400513,,2,1214,127,2,GA,4,False,1304,Georgia
269,M001159,Cathy,McMorris Rodgers,1969-05-22,F,R,False,400659,1013063.0,2,1214,31,0,WA,5,False,5305,Washington
270,M000590,Michael,McNulty,1947-09-16,M,D,False,400268,,18,1214,35,1,NY,21,False,3621,New York
271,M000627,Martin,Meehan,1956-12-30,M,D,False,400269,,14,1214,82,0,MA,5,False,2505,Massachusetts
272,M001148,Kendrick,Meek,1966-09-06,M,D,False,400270,,4,1214,44,1,FL,17,False,1217,Florida
273,M001137,Gregory,Meeks,1953-09-25,M,D,False,400271,53469.0,10,1214,85,0,NY,6,False,3606,New York
274,M001161,Charlie,Melancon,1947-10-03,M,D,False,400635,1011754.0,2,1214,43,0,LA,3,False,2203,Louisiana
275,M000639,Robert,Menendez,1954-01-01,M,D,False,400272,29608.0,14,1214,39,0,NJ,13,False,3413,New Jersey
276,M000689,John,Mica,1943-01-27,M,R,False,400273,26395.0,14,1214,17,0,FL,7,False,1207,Florida
277,M001149,Michael,Michaud,1955-01-18,M,D,False,400274,1003591.0,4,1214,8,1,ME,2,False,2302,Maine
278,M000714,Juanita,Millender-McDonald,1938-09-07,F,D,False,400275,,12,1214,175,0,CA,37,False,637,California
279,M001154,Brad,Miller,1953-05-19,M,D,False,400280,,4,1214,5,1,NC,13,False,3713,North Carolina
280,M001144,Jeff,Miller,1959-06-27,M,R,False,400279,91615.0,6,1214,53,2,FL,1,False,1201,Florida
281,M001139,Gary,Miller,1948-10-16,M,R,False,400277,57888.0,8,1214,74,0,CA,42,False,642,California
282,M001150,Candice,Miller,1954-05-07,F,R,False,400276,1003594.0,4,1214,51,0,MI,10,False,2610,Michigan
283,M000725,George,Miller,1945-05-17,M,D,False,400278,622.0,32,1214,38,3,CA,7,False,607,California
284,M000844,Alan,Mollohan,1943-05-14,M,D,False,400281,8577.0,24,1214,47,3,WV,1,False,5401,West Virginia
285,M001160,Gwen,Moore,1951-04-18,F,D,False,400661,42548.0,2,1214,37,3,WI,4,False,5504,Wisconsin
286,M001140,Dennis,Moore,1945-11-08,M,D,False,400282,57965.0,8,1214,33,0,KS,3,False,2003,Kansas
287,M000933,James,Moran,1945-05-16,M,D,False,400283,4269.0,16,1214,66,0,VA,8,False,5108,Virginia
288,M000934,Jerry,Moran,1954-05-29,M,R,False,400284,45469.0,10,1214,24,0,KS,1,False,2001,Kansas
289,M001151,Tim,Murphy,1952-09-11,M,R,False,400285,1003612.0,4,1214,36,0,PA,18,False,4218,Pennsylvania
290,M001120,John,Murtha,1932-06-17,M,D,False,400286,,34,1214,102,0,PA,12,False,4212,Pennsylvania
291,M001152,Marilyn,Musgrave,1949-01-27,F,R,False,400287,,4,1214,44,1,CO,4,False,804,Colorado
292,M001134,Sue,Myrick,1941-08-01,F,R,False,400288,1172.0,12,1214,49,0,NC,9,False,3709,North Carolina
293,N000002,Jerrold,Nadler,1947-06-13,M,D,False,400289,26159.0,16,1214,41,1,NY,8,False,3608,New York
294,N000179,Grace,Napolitano,1936-12-04,F,D,False,400290,57873.0,8,1214,65,0,CA,38,False,638,California
295,N000015,Richard,Neal,1949-02-14,M,D,False,400291,6103.0,18,1214,66,1,MA,2,False,2502,Massachusetts
296,N000182,Randy,Neugebauer,1949-12-24,M,R,False,400441,1010920.0,4,1214,15,0,TX,19,False,4819,Texas
297,N000081,Robert,Ney,1954-07-05,M,R,False,400293,,12,1214,103,0,OH,18,False,3918,Ohio
298,N000143,Anne,Northup,1948-01-22,F,R,False,400294,,10,1214,65,0,KY,3,False,2103,Kentucky
300,N000159,Charles,Norwood,1941-07-27,M,R,False,400296,,12,1214,100,0,GA,9,False,1309,Georgia
301,N000181,Devin,Nunes,1973-10-01,M,R,False,400297,1003553.0,4,1214,31,0,CA,21,False,621,California
302,N000172,James,Nussle,1960-06-27,M,R,False,400298,,16,1214,160,0,IA,1,False,1901,Iowa
303,O000006,James,Oberstar,1934-09-10,M,D,False,400299,457.0,32,1214,67,0,MN,8,False,2708,Minnesota
304,O000007,David,Obey,1938-10-03,M,D,False,400300,1621.0,38,1214,38,7,WI,7,False,5507,Wisconsin
305,O000085,John,Olver,1936-09-03,M,D,False,400301,18777.0,16,1214,40,1,MA,1,False,2501,Massachusetts
306,O000107,Solomon,Ortiz,1938-06-03,M,D,False,400302,2070.0,24,1214,78,0,TX,27,False,4827,Texas
307,O000165,Thomas,Osborne,1937-02-23,M,R,False,400303,,6,1214,56,0,NE,3,False,3103,Nebraska
308,O000166,C.L.,Otter,1942-05-03,M,R,False,400305,,6,1214,33,4,ID,1,False,1601,Idaho
309,O000159,Major,Owens,1936-06-28,M,D,False,400306,,24,1214,51,6,NY,11,False,3611,New York
310,O000163,Michael,Oxley,1944-02-11,M,R,False,400307,,26,1214,153,0,OH,4,False,3904,Ohio
311,P000034,Frank,Pallone,1951-10-30,M,D,False,400308,6107.0,20,1214,23,0,NJ,6,False,3406,New Jersey
312,P000096,Bill,Pascrell,1937-01-25,M,D,False,400309,45543.0,10,1214,40,0,NJ,8,False,3408,New Jersey
313,P000099,Ed,Pastor,1943-06-28,M,D,False,400310,20628.0,16,1214,9,0,AZ,4,False,404,Arizona
314,P000583,Ron,Paul,1935-08-20,M,R,False,400311,45747.0,18,1214,84,7,TX,14,False,4814,Texas
315,P000149,Donald,Payne,1934-07-16,M,D,False,400312,6108.0,18,1214,169,2,NJ,10,False,3410,New Jersey
316,P000588,Steve,Pearce,1947-08-24,M,R,False,400313,12063.0,4,1214,28,0,NM,2,False,3502,New Mexico
317,P000197,Nancy,Pelosi,1940-03-26,F,D,False,400314,6153.0,20,1214,53,1,CA,8,False,608,California
318,P000587,Mike,Pence,1959-06-07,M,R,False,400315,,6,1214,47,4,IN,6,False,1806,Indiana
319,P000258,Collin,Peterson,1944-06-29,M,D,False,400316,23978.0,16,1214,25,0,MN,7,False,2707,Minnesota
320,P000263,John,Peterson,1938-12-25,M,R,False,400317,,10,1214,110,0,PA,5,False,4205,Pennsylvania
321,P000265,Tom,Petri,1940-05-28,M,R,False,400318,3190.0,28,1214,8,0,WI,6,False,5506,Wisconsin
322,P000323,Charles,Pickering,1963-08-10,M,R,False,400319,,10,1214,64,0,MS,3,False,2803,Mississippi
323,P000373,Joe,Pitts,1939-10-10,M,R,False,400320,11706.0,10,1214,16,0,PA,16,False,4216,Pennsylvania
324,P000585,Todd,Platts,1962-03-05,M,R,False,400321,87190.0,6,1214,34,0,PA,19,False,4219,Pennsylvania
325,P000592,Ted,Poe,1948-09-10,M,R,False,400652,1011398.0,2,1214,43,1,TX,2,False,4802,Texas
326,P000419,Richard,Pombo,1961-01-08,M,R,False,400322,,14,1214,59,0,CA,11,False,611,California
327,P000422,Earl,Pomeroy,1952-09-02,M,D,False,400323,11486.0,14,1214,22,0,ND,At-Large,True,3800,North Dakota
328,P000589,Jon,Porter,1955-05-16,M,R,False,400324,,4,1214,1,0,NV,3,False,3203,Nevada
329,P000449,Rob,Portman,1955-12-19,M,R,False,400325,31819.0,14,1214,14,0,OH,2,False,3902,Ohio
330,P000591,Tom,Price,1954-10-08,M,R,False,400626,1013044.0,2,1214,17,4,GA,6,False,1306,Georgia
331,P000523,David,Price,1940-08-17,M,D,False,400326,6748.0,18,1214,15,0,NC,4,False,3704,North Carolina
332,P000555,Deborah,Pryce,1951-07-29,F,R,False,400327,,14,1214,46,0,OH,15,False,3915,Ohio
333,P000586,Adam,Putnam,1974-07-31,M,R,False,400328,87910.0,6,1214,9,0,FL,12,False,1212,Florida
334,R000004,George,Radanovich,1955-06-20,M,R,False,400330,36533.0,12,1214,73,0,CA,19,False,619,California
335,R000011,Nick,Rahall,1949-05-20,M,D,False,400331,8272.0,30,1214,21,0,WV,3,False,5403,West Virginia
336,R000033,James,Ramstad,1946-05-06,M,R,False,400332,,16,1214,20,0,MN,3,False,2703,Minnesota
337,R000053,Charles,Rangel,1930-06-11,M,D,False,400333,1745.0,36,1214,64,0,NY,15,False,3615,New York
338,R000141,Ralph,Regula,1924-12-03,M,R,False,400334,,34,1214,4,0,OH,16,False,3916,Ohio
339,R000571,Denny,Rehberg,1955-10-05,M,R,False,400335,,6,1214,8,0,MT,At-Large,True,3000,Montana
340,R000578,Dave,Reichert,1950-08-29,M,R,False,400660,1013064.0,2,1214,30,0,WA,8,False,5308,Washington
341,R000574,Rick,Renzi,1958-06-11,M,R,False,400336,,4,1214,10,0,AZ,1,False,401,Arizona
342,R000170,Silvestre,Reyes,1944-11-10,M,D,False,400337,45744.0,10,1214,130,0,TX,16,False,4816,Texas
343,R000569,Thomas,Reynolds,1950-09-03,M,R,False,400338,,8,1214,61,0,NY,26,False,3626,New York
344,R000395,Harold,Rogers,1937-12-31,M,R,False,400340,6739.0,26,1214,13,0,KY,5,False,2105,Kentucky
345,R000572,Mike,Rogers,1963-06-02,M,R,False,400342,86133.0,6,1214,15,0,MI,8,False,2608,Michigan
346,R000575,Mike,Rogers,1958-07-16,M,R,False,400341,1014740.0,6,1214,31,0,AL,3,False,103,Alabama
347,R000409,Dana,Rohrabacher,1947-06-21,M,R,False,400343,5590.0,18,1214,19,3,CA,46,False,646,California
348,R000435,Ileana,Ros-Lehtinen,1952-07-15,F,R,False,400344,3206.0,18,1214,84,0,FL,18,False,1218,Florida
349,R000573,Mike,Ross,1961-09-01,M,D,False,400345,86491.0,6,1214,42,0,AR,4,False,504,Arkansas
350,R000462,Steven,Rothman,1952-10-14,M,D,False,400346,45112.0,10,1214,79,0,NJ,9,False,3409,New Jersey
351,R000486,Lucille,Roybal-Allard,1941-06-12,F,D,False,400347,26136.0,14,1214,78,3,CA,34,False,634,California
352,R000487,Edward,Royce,1951-10-12,M,R,False,400348,28461.0,14,1214,24,0,CA,40,False,640,California
353,R000576,C.A. Dutch,Ruppersberger,1946-01-31,M,D,False,400349,49155.0,4,1214,35,0,MD,2,False,2402,Maryland
354,R000515,Bobby,Rush,1946-11-23,M,D,False,400350,26127.0,14,1214,110,2,IL,1,False,1701,Illinois
355,R000570,Paul,Ryan,1970-01-29,M,R,False,400351,57970.0,8,1214,12,2,WI,1,False,5501,Wisconsin
356,R000577,Tim,Ryan,1973-07-16,M,D,False,400352,1003608.0,4,1214,29,0,OH,17,False,3917,Ohio
357,R000566,Jim,Ryun,1947-04-29,M,R,False,400353,,12,1214,10,0,KS,2,False,2002,Kansas
358,S000005,Martin,Sabo,1938-02-28,M,D,False,400354,,28,1214,48,2,MN,5,False,2705,Minnesota
359,S001158,John,Salazar,1953-07-21,M,D,False,400620,1013039.0,2,1214,30,0,CO,3,False,803,Colorado
360,S000030,Loretta,Sánchez,1960-01-07,F,D,False,400356,45639.0,10,1214,65,2,CA,47,False,647,California
361,S001156,Linda,Sánchez,1969-01-28,F,D,False,400355,1003554.0,4,1214,31,1,CA,39,False,639,California
362,S000033,Bernard,Sanders,1941-09-08,M,ID,False,400357,994.0,16,1214,52,0,VT,At-Large,True,5000,Vermont
363,S000097,H. James,Saxton,1943-01-22,M,R,False,400359,,24,1214,16,1,NJ,3,False,3403,New Jersey
364,S001145,Jan,Schakowsky,1944-05-26,F,D,False,400360,57874.0,8,1214,34,3,IL,9,False,1709,Illinois
365,S001150,Adam,Schiff,1960-06-22,M,D,False,400361,90167.0,6,1214,44,1,CA,29,False,629,California
366,S001164,Jean,Schmidt,1951-11-29,F,R,False,412010,1017087.0,2,1214,3,1,OH,2,False,3902,Ohio
367,S001162,Allyson,Schwartz,1948-10-03,F,D,False,400647,57332.0,2,1214,10,1,PA,13,False,4213,Pennsylvania
368,S001161,John,Schwarz,1937-11-15,M,R,False,400637,,2,1214,34,0,MI,7,False,2607,Michigan
369,S001157,David,Scott,1945-06-27,M,D,False,400363,1003567.0,4,1214,34,0,GA,13,False,1313,Georgia
370,S000185,Robert,Scott,1947-04-30,M,D,False,400364,25888.0,14,1214,24,0,VA,3,False,5103,Virginia
371,S001166,Shelley,Sekula-Gibbs,1952-06-22,F,R,False,412185,,2,1214,0,0,TX,22,False,4822,Texas
372,S000244,F.,Sensenbrenner,1943-06-14,M,R,False,400365,1507.0,28,1214,24,4,WI,5,False,5505,Wisconsin
373,S000248,José,Serrano,1943-10-24,M,D,False,400366,14306.0,18,1214,29,0,NY,16,False,3616,New York
374,S000250,Pete,Sessions,1955-03-22,M,R,False,400367,36807.0,10,1214,132,0,TX,32,False,4832,Texas
375,S000275,John,Shadegg,1949-10-22,M,R,False,400368,37037.0,12,1214,40,0,AZ,3,False,403,Arizona
376,S000303,E. Clay,Shaw,1939-04-19,M,R,False,400369,,26,1214,34,0,FL,22,False,1222,Florida
377,S001144,Christopher,Shays,1945-10-18,M,R,False,400370,,20,1214,65,0,CT,4,False,904,Connecticut
378,S000344,Brad,Sherman,1954-10-24,M,D,False,400371,45124.0,10,1214,14,2,CA,27,False,627,California
379,S001146,Donald,Sherwood,1941-03-05,M,R,False,400372,,8,1214,34,0,PA,10,False,4210,Pennsylvania
380,S000364,John,Shimkus,1958-02-21,M,R,False,400373,30623.0,10,1214,40,1,IL,19,False,1719,Illinois
381,S001154,Bill,Shuster,1961-01-10,M,R,False,409888,89108.0,6,1214,12,0,PA,9,False,4209,Pennsylvania
382,S001152,Robert,Simmons,1943-02-11,M,R,False,400375,,6,1214,46,0,CT,2,False,902,Connecticut
383,S001148,Mike,Simpson,1950-09-08,M,R,False,400376,57889.0,8,1214,32,1,ID,2,False,1602,Idaho
384,S001165,Albio,Sires,1951-01-26,M,D,False,412186,1022293.0,2,1214,0,0,NJ,13,False,3413,New Jersey
385,S000465,Ike,Skelton,1931-12-20,M,D,False,400377,449.0,30,1214,44,0,MO,4,False,2904,Missouri
386,S000480,Louise,Slaughter,1929-08-14,F,D,False,400378,1755.0,20,1214,96,2,NY,28,False,3628,New York
387,S000510,Adam,Smith,1965-06-15,M,D,False,400379,44329.0,10,1214,37,0,WA,9,False,5309,Washington
388,S000522,Christopher,Smith,1953-03-04,M,R,False,400380,6411.0,26,1214,22,0,NJ,4,False,3404,New Jersey
389,S000583,Lamar,Smith,1947-11-19,M,R,False,400381,8884.0,20,1214,38,0,TX,21,False,4821,Texas
390,S000672,Vic,Snyder,1947-09-27,M,D,False,400383,45722.0,10,1214,62,2,AR,2,False,502,Arkansas
391,S001160,Michael,Sodrel,1945-12-17,M,R,False,400632,,2,1214,7,2,IN,9,False,1809,Indiana
392,S001153,Hilda,Solis,1957-10-20,F,D,False,400384,85603.0,6,1214,37,0,CA,32,False,632,California
393,S001143,Mark,Souder,1950-07-18,M,R,False,400385,,12,1214,44,2,IN,3,False,1803,Indiana
394,S000749,John,Spratt,1942-11-01,M,D,False,400386,13719.0,24,1214,21,0,SC,5,False,4505,South Carolina
395,S000810,Pete,Stark,1931-11-11,M,D,False,400387,6747.0,34,1214,124,5,CA,13,False,613,California
396,S000822,Cliff,Stearns,1941-04-16,M,R,False,400388,6095.0,18,1214,13,0,FL,6,False,1206,Florida
397,S001004,Ted,Strickland,1941-08-04,M,D,False,400390,,10,1214,277,0,OH,6,False,3906,Ohio
398,S001045,Bart,Stupak,1952-02-29,M,D,False,400391,28206.0,14,1214,89,1,MI,1,False,2601,Michigan
399,S001155,John,Sullivan,1965-01-01,M,R,False,400392,92716.0,6,1214,72,0,OK,1,False,4001,Oklahoma
400,S001149,John,Sweeney,1955-08-09,M,R,False,400393,,8,1214,179,0,NY,20,False,3620,New York
401,T000458,Thomas,Tancredo,1945-12-20,M,R,False,400394,,8,1214,66,8,CO,6,False,806,Colorado
402,T000038,John,Tanner,1944-09-22,M,D,False,400395,6116.0,18,1214,38,2,TN,8,False,4708,Tennessee
403,T000057,Ellen,Tauscher,1951-11-15,F,D,False,400396,,10,1214,13,1,CA,10,False,610,California
404,T000067,Charles,Taylor,1941-01-23,M,R,False,400398,,16,1214,69,1,NC,11,False,3711,North Carolina
405,T000074,Gene,Taylor,1953-09-17,M,D,False,400399,1000578.0,18,1214,63,0,MS,4,False,2804,Mississippi
406,T000459,Lee,Terry,1962-01-29,M,R,False,400400,57891.0,8,1214,27,0,NE,2,False,3102,Nebraska
407,T000188,William,Thomas,1941-12-06,M,R,False,400401,,28,1214,58,0,CA,22,False,622,California
408,T000193,Bennie,Thompson,1948-01-28,M,D,False,400402,7304.0,14,1214,19,0,MS,2,False,2802,Mississippi
409,T000460,Mike,Thompson,1951-01-24,M,D,False,400403,57872.0,8,1214,9,1,CA,1,False,601,California
410,T000238,William,Thornberry,1958-07-15,M,R,False,400404,36814.0,12,1214,12,0,TX,13,False,4813,Texas
411,T000260,Todd,Tiahrt,1951-06-15,M,R,False,400405,,12,1214,38,0,KS,4,False,2004,Kansas
412,T000462,Pat,Tiberi,1962-10-21,M,R,False,400406,88155.0,6,1214,23,0,OH,12,False,3912,Ohio
413,T000266,John,Tierney,1951-09-18,M,D,False,400407,37546.0,10,1214,18,3,MA,6,False,2506,Massachusetts
414,T000326,Edolphus,Towns,1934-07-21,M,D,False,400409,6807.0,24,1214,100,0,NY,10,False,3610,New York
415,T000463,Michael,Turner,1960-01-11,M,R,False,400411,1003607.0,4,1214,19,1,OH,3,False,3903,Ohio
416,U000038,Mark,Udall,1950-07-18,M,D,False,400412,7634.0,8,1214,23,0,CO,2,False,802,Colorado
417,U000039,Tom,Udall,1948-05-18,M,D,False,400413,10075.0,8,1214,35,0,NM,3,False,3503,New Mexico
418,U000031,Fred,Upton,1953-04-23,M,R,False,400414,12127.0,20,1214,0,0,MI,6,False,2606,Michigan
419,V000128,Chris,Van Hollen,1959-01-10,M,D,False,400415,20756.0,4,1214,3,1,MD,8,False,2408,Maryland
420,V000081,Nydia,Velázquez,1953-03-28,F,D,False,400416,26160.0,14,1214,36,0,NY,12,False,3612,New York
421,V000108,Peter,Visclosky,1949-08-13,M,D,False,400417,6785.0,22,1214,17,0,IN,1,False,1801,Indiana
422,W000791,Greg,Walden,1957-01-10,M,R,False,400419,57892.0,8,1214,11,0,OR,2,False,4102,Oregon
423,W000099,James,Walsh,1947-06-19,M,R,False,400420,,18,1214,54,0,NY,25,False,3625,New York
424,W000119,Zach,Wamp,1957-10-28,M,R,False,400421,36792.0,12,1214,27,0,TN,3,False,4703,Tennessee
425,W000797,Debbie,Wasserman Schultz,1966-09-27,F,D,False,400623,86882.0,2,1214,44,0,FL,20,False,1220,Florida
426,W000187,Maxine,Waters,1938-08-15,F,D,False,400422,1953.0,16,1214,107,3,CA,35,False,635,California
427,W000794,Diane,Watson,1933-11-12,F,D,False,400423,4372.0,6,1214,111,1,CA,33,False,633,California
428,W000207,Melvin,Watt,1945-08-26,M,D,False,400424,25889.0,14,1214,27,8,NC,12,False,3712,North Carolina
429,W000215,Henry,Waxman,1939-09-12,M,D,False,400425,8319.0,32,1214,55,0,CA,30,False,630,California
430,W000792,Anthony,Weiner,1964-09-04,M,D,False,400426,,8,1214,60,0,NY,9,False,3609,New York
431,W000267,David,Weldon,1953-08-31,M,R,False,400427,,12,1214,38,0,FL,15,False,1215,Florida
432,W000268,W. Curtis,Weldon,1947-07-22,M,R,False,400428,,20,1214,57,0,PA,7,False,4207,Pennsylvania
433,W000273,Gerald,Weller,1957-07-07,M,R,False,400429,,12,1214,32,1,IL,11,False,1711,Illinois
434,W000796,Lynn,Westmoreland,1950-04-02,M,R,False,400627,1013045.0,2,1214,59,3,GA,8,False,1308,Georgia
435,W000314,Robert,Wexler,1961-01-02,M,D,False,400430,,10,1214,112,0,FL,19,False,1219,Florida
436,W000413,Edward,Whitfield,1943-05-25,M,R,False,400431,36978.0,12,1214,48,0,KY,1,False,2101,Kentucky
437,W000437,Roger,Wicker,1951-07-05,M,R,False,400432,18203.0,12,1214,35,0,MS,1,False,2801,Mississippi
438,W000795,Joe,Wilson,1947-07-31,M,R,False,400433,1002567.0,6,1214,44,0,SC,2,False,4502,South Carolina
439,W000789,Heather,Wilson,1960-12-30,F,R,False,400434,,10,1214,23,0,NM,1,False,3501,New Mexico
440,W000672,Frank,Wolf,1939-01-30,M,R,False,400435,7508.0,26,1214,16,1,VA,10,False,5110,Virginia
441,W000738,Lynn,Woolsey,1937-11-03,F,D,False,400436,26132.0,14,1214,28,0,CA,6,False,606,California
442,W000793,David,Wu,1955-04-08,M,D,False,400437,57882.0,8,1214,10,1,OR,1,False,4101,Oregon
443,W000784,Albert,Wynn,1951-09-10,M,D,False,400438,,14,1214,32,0,MD,4,False,2404,Maryland
444,Y000031,C. W. Bill,Young,1930-12-16,M,R,False,400439,5259.0,36,1214,105,0,FL,10,False,1210,Florida
445,Y000033,Don,Young,1933-06-09,M,R,False,400440,1897.0,34,1214,100,0,AK,At-Large,True,200,Alaska
